countryname,year,v2xps_party,PI_7,normalPS,avg_psi,avg_pi7,avg_nps
Austria,1900,NA,NA,NA,0.7275012731552124,0.23967132109969524,0.6202552030530669
Austria,1901,NA,NA,NA,0.7308827837308247,0.23513477878180966,0.6187935276971251
Austria,1902,NA,NA,NA,0.7308827837308247,0.23513477878180966,0.6187935276971251
Austria,1903,NA,NA,NA,0.7308827837308247,0.23513477878180966,0.6187935276971251
Austria,1904,NA,NA,NA,0.7307413617769877,0.23724288069490307,0.6194727587939086
Austria,1905,NA,NA,NA,0.7334051181872685,0.23985347419143466,0.6203138928362867
Austria,1906,NA,NA,NA,0.7334051181872685,0.23985347419143466,0.6203138928362867
Austria,1907,NA,NA,NA,0.7334051181872685,0.24218905602563032,0.6210664180349099
Austria,1908,NA,NA,NA,0.7334051181872685,0.24218905602563032,0.6210664180349099
Austria,1909,NA,NA,NA,0.7347304870684941,0.25282238356695463,0.6244924794997251
Austria,1910,NA,NA,NA,0.7464274366696675,0.2587010781464397,0.6263865967347974
Austria,1911,NA,NA,NA,0.738623491355351,0.2697531362815982,0.6299475733281177
Austria,1912,NA,NA,NA,0.7402737651552472,0.28253847064424575,0.6340670120649017
Austria,1913,NA,NA,NA,0.7402737651552472,0.28344559394592,0.634359287476867
Austria,1914,NA,NA,NA,0.7275515752179281,0.29599324562882823,0.6384021447797824
Austria,1915,NA,NA,NA,0.7522540986537933,0.3249074710984414,0.6477183172837738
Austria,1916,NA,NA,NA,0.7522273276533399,0.30582839528025857,0.6415710330784363
Austria,1917,NA,NA,NA,0.7546478733420372,0.33552158151867306,0.651138186986153
Austria,1918,0.869367837905884,0.805242028818964,0.8024822622511244,0.7691094676653545,0.3563404088090492,0.6578460196608265
Austria,1919,0.869367837905884,0.805242028818964,0.8024822622511244,0.751513604606901,0.3457489761085826,0.6544334567268596
Austria,1920,0.869367837905884,0.805242028818964,0.8024822622511244,0.7523797575546348,0.33215984605582277,0.650055034766924
Austria,1921,0.869367837905884,0.805242028818964,0.8024822622511244,0.7596985108178596,0.33533384415711615,0.6510776979494487
Austria,1922,0.869367837905884,0.805242028818964,0.8024822622511244,0.7596985108178596,0.33848180228146685,0.6520919710432451
Austria,1923,0.869367837905884,0.805242028818964,0.8024822622511244,0.772991907190193,0.3691823925225271,0.6619837108361941
Austria,1924,0.869367837905884,0.805242028818964,0.8024822622511244,0.7724468579346484,0.37070709555424897,0.6624749706306439
Austria,1925,0.869367837905884,0.805242028818964,0.8024822622511244,0.7724301970817826,0.375671900587015,0.664074632367478
Austria,1926,0.869367837905884,0.805242028818964,0.8024822622511244,0.7825733997992108,0.4061209002156462,0.6738853095862889
Austria,1927,0.869367837905884,0.805242028818964,0.8024822622511244,0.7875454007160096,0.40822437818447554,0.6745630508467821
Austria,1928,0.869367837905884,0.805242028818964,0.8024822622511244,0.7913648436466852,0.4092480485758004,0.6748928777675424
Austria,1929,0.869367837905884,0.805242028818964,0.8024822622511244,0.7952703187863033,0.41519324492779247,0.6768084218945488
Austria,1930,0.869367837905884,0.805242028818964,0.8024822622511244,0.7962643617675418,0.4179449373575478,0.6776950180574123
Austria,1931,0.869367837905884,0.805242028818964,0.8024822622511244,0.7856777154263995,0.4044732003527025,0.6733544201742894
Austria,1932,0.869367837905884,0.805242028818964,0.8024822622511244,0.789532367672239,0.40731666613475237,0.6742705857400111
Austria,1933,0.863415539264679,0.86800194906548,0.82270352821475,0.7855853485433678,0.38949094453833577,0.6685271326575528
Austria,1934,0.915882468223572,1.09811611998463,0.8968463861705586,0.8070647243191214,0.4586703540619366,0.6908167600772269
Austria,1935,0.869438469409943,1.04340686171811,0.8792190460188414,0.809731001363081,0.4645693790939311,0.6927174277904665
Austria,1936,0.869438469409943,1.04340686171811,0.8792190460188414,0.8275099452584981,0.4996100289010017,0.7040075361351528
Austria,1937,0.869438469409943,1.04340686171811,0.8792190460188414,0.8266126979142427,0.5050779848613577,0.7057693132584736
Austria,1938,NA,NA,NA,0.8249595034867524,0.5056019654054661,0.7059381399539277
Austria,1939,NA,NA,NA,0.8338865293906285,0.5267956039139127,0.712766736920477
Austria,1940,NA,NA,NA,0.8006032870875465,0.45843913466468,0.6907422611149989
Austria,1941,NA,NA,NA,0.800874971681171,0.45856214538120954,0.6907818952063991
Austria,1942,NA,NA,NA,0.800874971681171,0.45739435446411153,0.6904056326070875
Austria,1943,NA,NA,NA,0.800874971681171,0.45972993629830733,0.6911581578057107
Austria,1944,NA,NA,NA,0.7650154580672582,0.3883616483497485,0.6681632730718262
Austria,1945,NA,NA,NA,0.8193241637200117,0.5102378982668732,0.7074318389741272
Austria,1946,0.921692371368408,0.737491539829174,0.7806530334750684,0.8297967493534089,0.5307149039275812,0.7140295366126425
Austria,1947,0.921692371368408,0.737491539829174,0.7806530334750684,0.8586679775463908,0.5527299016318314,0.721122775769379
Austria,1948,0.921692371368408,0.737491539829174,0.7806530334750684,0.8568581683295113,0.5563150399757525,0.7222779084668722
Austria,1949,0.921692371368408,0.737491539829174,0.7806530334750684,0.8633105292916298,0.5605254313634562,0.7236344978909393
Austria,1950,0.916846990585327,0.712909275159099,0.7727326200977201,0.8700778511437502,0.5838849995131691,0.7311609580664046
Austria,1951,0.916846990585327,0.712909275159099,0.7727326200977201,0.8698629140853882,0.5820931933098152,0.730583637546382
Austria,1952,0.916846990585327,0.712909275159099,0.7727326200977201,0.8679058973987896,0.5637573716158472,0.7246758300526985
Austria,1953,0.916846990585327,0.712909275159099,0.7727326200977201,0.8688361470897993,0.5642886696754648,0.724847014453942
Austria,1954,0.916846990585327,0.712909275159099,0.7727326200977201,0.8615708276629448,0.5703185050386941,0.7267898292968832
Austria,1955,0.916846990585327,0.712909275159099,0.7727326200977201,0.8691782727837563,0.5721126649043847,0.727367908167648
Austria,1956,0.908240020275116,0.631521896136917,0.7465095810813297,0.8360949181593381,0.5257785125177507,0.7124390297540191
Austria,1957,0.908910512924194,0.65974215940871,0.7556021587477926,0.8128059002859839,0.46988622167202165,0.6944305161346835
Austria,1958,0.908910512924194,0.65974215940871,0.7556021587477926,0.8262753210685871,0.46792828521158464,0.6937996683937867
Austria,1959,0.908910512924194,0.65974215940871,0.7556021587477926,0.820348427764007,0.4606734503768593,0.6914621583373858
Austria,1960,0.908910512924194,0.65974215940871,0.7556021587477926,0.8074712109181189,0.41105913594427107,0.6754764106850056
Austria,1961,0.908910512924194,0.65974215940871,0.7556021587477926,0.802793096630804,0.41540655313596875,0.6768771498660442
Austria,1962,0.908910512924194,0.65974215940871,0.7556021587477926,0.7752683955956908,0.3679826230825017,0.6615971447467776
Austria,1963,0.912868797779083,0.713222184769731,0.7728334396722879,0.7984190634451808,0.4004574728112855,0.6720605515024763
Austria,1964,0.912868797779083,0.713222184769731,0.7728334396722879,0.8027619570493699,0.41216685432578826,0.6758333178945347
Austria,1965,0.912868797779083,0.713222184769731,0.7728334396722879,0.7821149549313954,0.37181010904025497,0.6628303619213655
Austria,1966,0.912868797779083,0.713222184769731,0.7728334396722879,0.7917576679161618,0.4197107723724202,0.6782639706523703
Austria,1967,0.912868797779083,0.713222184769731,0.7728334396722879,0.8075032172834172,0.44408336726825315,0.6861168283627767
Austria,1968,0.912868797779083,0.713222184769731,0.7728334396722879,0.80366976145241,0.4347444012007863,0.6831078105703106
Austria,1969,0.912868797779083,0.713222184769731,0.7728334396722879,0.8315724660368528,0.5005325078884024,0.7043047591538695
Austria,1970,0.918872475624084,0.751838264738154,0.7852755527350027,0.8398240296279682,0.5109689371029438,0.7076673799161147
Austria,1971,0.918872475624084,0.720307909976512,0.7751164625535899,0.8398675750941037,0.5177566740788272,0.7098543908960736
Austria,1972,0.918872475624084,0.720307909976512,0.7751164625535899,0.8343787482290556,0.519617699801239,0.7104540139668203
Austria,1973,0.918872475624084,0.720307909976512,0.7751164625535899,0.822867362839835,0.49621920054315016,0.7029150101760407
Austria,1974,0.918872475624084,0.720307909976512,0.7751164625535899,0.829138259677326,0.4914314643250426,0.7013724000667583
Austria,1975,0.918872475624084,0.720307909976512,0.7751164625535899,0.8316298229353768,0.49463552298529867,0.7024047487707975
Austria,1976,0.918872475624084,0.720307909976512,0.7751164625535899,0.8359980991908482,0.5064081578259091,0.7061978954043426
Austria,1977,0.918872475624084,0.720307909976512,0.7751164625535899,0.8499733227140763,0.5249966273502042,0.712187106108102
Austria,1978,0.918872475624084,0.720307909976512,0.7751164625535899,0.8352705385233905,0.5130740454298,0.7083456464784749
Austria,1979,0.918872475624084,0.720307909976512,0.7751164625535899,0.822808113694191,0.4540340537289215,0.6893229426575601
Austria,1980,0.918291330337524,0.786880088959179,0.796566039476233,0.8232634216547012,0.4604992584428472,0.6914060336416796
Austria,1981,0.918291330337524,0.786880088959179,0.796566039476233,0.8307277865898914,0.48044265937006353,0.6978318036679065
Austria,1982,0.918291330337524,0.786880088959179,0.796566039476233,0.8210196733474731,0.46557778998270855,0.6930423380947258
Austria,1983,0.916505873203278,0.686591379428971,0.7642529858491182,0.8205196538141795,0.46541827164942157,0.6929909412377699
Austria,1984,0.916505873203278,0.686591379428971,0.7642529858491182,0.8184458258606138,0.4754214225624633,0.6962139595955431
Austria,1985,0.916505873203278,0.686591379428971,0.7642529858491182,0.8181920619898063,0.46512367244972475,0.6928960212833414
Austria,1986,0.914598524570465,0.710106683956245,0.7718296243342196,0.8163115788589823,0.4574783051162411,0.690432681533502
Austria,1987,0.914598524570465,0.710106683956245,0.7718296243342196,0.8057210397991266,0.43219027062831344,0.6822848688997518
Austria,1988,0.914598524570465,0.710106683956245,0.7718296243342196,0.800825579298867,0.41855287041348765,0.6778908942784775
Austria,1989,0.914598524570465,0.710106683956245,0.7718296243342196,0.7950462125083233,0.41662483532539385,0.6772696807691165
Austria,1990,0.914598524570465,0.710106683956245,0.7718296243342196,0.7870771769645079,0.36200808101270004,0.6596721454203001
Austria,1991,0.914598524570465,0.710106683956245,0.7718296243342196,0.7677191378978582,0.32417860790744873,0.647483477335312
Austria,1992,0.914598524570465,0.710106683956245,0.7718296243342196,0.7546953597705658,0.28313649901276433,0.634259696992577
Austria,1993,0.914598524570465,0.703099938453658,0.7695720487383502,0.75724906434078465,0.2958958672976721,0.6383707694509791
Austria,1994,0.914598524570465,0.710106683956245,0.7718296243342196,0.7462495355621764,0.2598737285845757,0.6267644250733098
Austria,1995,0.922889232635498,0.824458586607255,0.8086738431902984,0.750702711577351,0.26791709622632415,0.6293560006471497
Austria,1996,0.922889232635498,0.76840462258656,0.790613238423343,0.7500556935866673,0.25537028746093965,0.6253134149325245
Austria,1997,0.922889232635498,0.76840462258656,0.790613238423343,0.7549943961203097,0.2669515207824521,0.6290448919366576
Austria,1998,0.922889232635498,0.76840462258656,0.790613238423343,0.759292507370313,0.27222834285069325,0.6307450856600643
Austria,1999,0.922889232635498,0.764901249835266,0.7894844506254082,0.765479393891598,0.2947669556963221,0.6380070337793808
Austria,2000,0.922889232635498,0.764901249835266,0.7894844506254082,0.7704672244114753,0.3012954798857895,0.6401105263183554
Austria,2001,0.922889232635498,0.754391131581386,0.7860980872316041,0.7728724005045714,0.2992920534529229,0.6394650216940916
Austria,2002,0.922889232635498,0.754391131581386,0.7860980872316041,0.7656200919524733,0.29475987323232683,0.6380047518072629
Austria,2003,0.922889232635498,0.754391131581386,0.7860980872316041,0.7665422649645224,0.2921020569813457,0.6371484025786083
Austria,2004,0.922889232635498,0.754391131581386,0.7860980872316041,0.7546715815974907,0.25998777009635987,0.6268011692841313
Austria,2005,0.922889232635498,0.754391131581386,0.7860980872316041,0.7479793368787556,0.2617767237530457,0.6273775707127238
Austria,2006,0.922889232635498,0.750887758830093,0.7849692994336694,0.7497000712091508,0.2668789703899829,0.6290215161774768
Austria,2007,0.922889232635498,0.754391131581386,0.7860980872316041,0.7505456283688545,0.2633566154624347,0.6278866123164064
Austria,2008,0.922889232635498,0.754391131581386,0.7860980872316041,0.7454539712077828,0.2596719729346832,0.6266994193397123
Austria,2009,0.922889232635498,0.750887758830093,0.7849692994336694,0.7450956097907491,0.26443652355266406,0.6282345590413708
Austria,2010,0.922889232635498,0.754391131581386,0.7860980872316041,0.7504168033272356,0.2685956817776878,0.629574641124373
Austria,2011,0.922889232635498,0.743881013327506,0.7827117238378001,0.7468260322162446,0.26121204327962977,0.6271956304872972
Austria,2012,0.922889232635498,0.762273720271796,0.788637859776957,0.7517158649861813,0.2840381861807377,0.6345502208805609
Austria,2013,NA,NA,NA,0.7186448418069631,0.2393428351867179,0.620149364789004
Austria,2014,NA,NA,NA,0.7176899891051034,0.2476057557386298,0.6228116803792758
Bolivia,1900,0.376683503389359,-0.312039491834785,0.4424938062964245,0.7275012731552124,0.23967132109969524,0.6202552030530669
Bolivia,1901,0.376683503389359,-0.312039491834785,0.4424938062964245,0.7308827837308247,0.23513477878180966,0.6187935276971251
Bolivia,1902,0.376683503389359,-0.312039491834785,0.4424938062964245,0.7308827837308247,0.23513477878180966,0.6187935276971251
Bolivia,1903,0.376683503389359,-0.312039491834785,0.4424938062964245,0.7308827837308247,0.23513477878180966,0.6187935276971251
Bolivia,1904,0.376683503389359,-0.312039491834785,0.4424938062964245,0.7307413617769877,0.23724288069490307,0.6194727587939086
Bolivia,1905,0.376683503389359,-0.312039491834785,0.4424938062964245,0.7334051181872685,0.23985347419143466,0.6203138928362867
Bolivia,1906,0.376683503389359,-0.312039491834785,0.4424938062964245,0.7334051181872685,0.23985347419143466,0.6203138928362867
Bolivia,1907,0.376683503389359,-0.312039491834785,0.4424938062964245,0.7334051181872685,0.24218905602563032,0.6210664180349099
Bolivia,1908,0.376683503389359,-0.312039491834785,0.4424938062964245,0.7334051181872685,0.24218905602563032,0.6210664180349099
Bolivia,1909,0.376683503389359,-0.312039491834785,0.4424938062964245,0.7347304870684941,0.25282238356695463,0.6244924794997251
Bolivia,1910,0.376683503389359,-0.312039491834785,0.4424938062964245,0.7464274366696675,0.2587010781464397,0.6263865967347974
Bolivia,1911,0.376683503389359,-0.312039491834785,0.4424938062964245,0.738623491355351,0.2697531362815982,0.6299475733281177
Bolivia,1912,0.376683503389359,-0.312039491834785,0.4424938062964245,0.7402737651552472,0.28253847064424575,0.6340670120649017
Bolivia,1913,0.376683503389359,-0.312039491834785,0.4424938062964245,0.7402737651552472,0.28344559394592,0.634359287476867
Bolivia,1914,0.376683503389359,-0.312039491834785,0.4424938062964245,0.7275515752179281,0.29599324562882823,0.6384021447797824
Bolivia,1915,0.376683503389359,-0.312039491834785,0.4424938062964245,0.7522540986537933,0.3249074710984414,0.6477183172837738
Bolivia,1916,0.376683503389359,-0.312039491834785,0.4424938062964245,0.7522273276533399,0.30582839528025857,0.6415710330784363
Bolivia,1917,0.376683503389359,-0.312039491834785,0.4424938062964245,0.7546478733420372,0.33552158151867306,0.651138186986153
Bolivia,1918,0.376683503389359,-0.312039491834785,0.4424938062964245,0.7691094676653545,0.3563404088090492,0.6578460196608265
Bolivia,1919,0.376683503389359,-0.312039491834785,0.4424938062964245,0.751513604606901,0.3457489761085826,0.6544334567268596
Bolivia,1920,0.375849395990372,-0.312039491834785,0.4424938062964245,0.7523797575546348,0.33215984605582277,0.650055034766924
Bolivia,1921,0.347494602203369,-0.31596347212964,0.44122949861619454,0.7596985108178596,0.33533384415711615,0.6510776979494487
Bolivia,1922,0.347494602203369,-0.31596347212964,0.44122949861619454,0.7596985108178596,0.33848180228146685,0.6520919710432451
Bolivia,1923,0.347494602203369,-0.31596347212964,0.44122949861619454,0.772991907190193,0.3691823925225271,0.6619837108361941
Bolivia,1924,0.347494602203369,-0.31596347212964,0.44122949861619454,0.7724468579346484,0.37070709555424897,0.6624749706306439
Bolivia,1925,0.347494602203369,-0.31596347212964,0.44122949861619454,0.7724301970817826,0.375671900587015,0.664074632367478
Bolivia,1926,0.347494602203369,-0.31596347212964,0.44122949861619454,0.7825733997992108,0.4061209002156462,0.6738853095862889
Bolivia,1927,0.347494602203369,-0.31596347212964,0.44122949861619454,0.7875454007160096,0.40822437818447554,0.6745630508467821
Bolivia,1928,0.347494602203369,-0.31596347212964,0.44122949861619454,0.7913648436466852,0.4092480485758004,0.6748928777675424
Bolivia,1929,0.347494602203369,-0.31596347212964,0.44122949861619454,0.7952703187863033,0.41519324492779247,0.6768084218945488
Bolivia,1930,0.347494602203369,-0.31596347212964,0.44122949861619454,0.7962643617675418,0.4179449373575478,0.6776950180574123
Bolivia,1931,0.347494602203369,-0.31596347212964,0.44122949861619454,0.7856777154263995,0.4044732003527025,0.6733544201742894
Bolivia,1932,0.342228472232819,-0.316579015012914,0.44103117050637847,0.789532367672239,0.40731666613475237,0.6742705857400111
Bolivia,1933,0.342228472232819,-0.316579015012914,0.44103117050637847,0.7855853485433678,0.38949094453833577,0.6685271326575528
Bolivia,1934,0.342228472232819,-0.316579015012914,0.44103117050637847,0.8070647243191214,0.4586703540619366,0.6908167600772269
Bolivia,1935,0.342228472232819,-0.316579015012914,0.44103117050637847,0.809731001363081,0.4645693790939311,0.6927174277904665
Bolivia,1936,0.3498674929142,-0.316579015012914,0.44103117050637847,0.8275099452584981,0.4996100289010017,0.7040075361351528
Bolivia,1937,0.3498674929142,-0.316579015012914,0.44103117050637847,0.8266126979142427,0.5050779848613577,0.7057693132584736
Bolivia,1938,0.3498674929142,-0.316579015012914,0.44103117050637847,0.8249595034867524,0.5056019654054661,0.7059381399539277
Bolivia,1939,0.3498674929142,-0.316579015012914,0.44103117050637847,0.8338865293906285,0.5267956039139127,0.712766736920477
Bolivia,1940,0.3498674929142,-0.316579015012914,0.44103117050637847,0.8006032870875465,0.45843913466468,0.6907422611149989
Bolivia,1941,0.445134937763214,-0.250089237460874,0.46245419766226037,0.800874971681171,0.45856214538120954,0.6907818952063991
Bolivia,1942,0.500974595546722,-0.168405523482684,0.4887727158943066,0.800874971681171,0.45739435446411153,0.6904056326070875
Bolivia,1943,0.500974595546722,-0.168405523482684,0.4887727158943066,0.800874971681171,0.45972993629830733,0.6911581578057107
Bolivia,1944,0.503134548664093,-0.132042295291019,0.5004889594088207,0.7650154580672582,0.3883616483497485,0.6681632730718262
Bolivia,1945,0.33054381608963,-0.325010991294808,0.4383143851069479,0.8193241637200117,0.5102378982668732,0.7074318389741272
Bolivia,1946,0.33054381608963,-0.325010991294808,0.4383143851069479,0.8297967493534089,0.5307149039275812,0.7140295366126425
Bolivia,1947,0.33054381608963,-0.538132833665161,0.3696464607325855,0.8586679775463908,0.5527299016318314,0.721122775769379
Bolivia,1948,0.33054381608963,-0.538132833665161,0.3696464607325855,0.8568581683295113,0.5563150399757525,0.7222779084668722
Bolivia,1949,0.33054381608963,-0.538132833665161,0.3696464607325855,0.8633105292916298,0.5605254313634562,0.7236344978909393
Bolivia,1950,0.33054381608963,-0.538084690932321,0.36966197233618775,0.8700778511437502,0.5838849995131691,0.7311609580664046
Bolivia,1951,0.33054381608963,-0.538084690932321,0.36966197233618775,0.8698629140853882,0.5820931933098152,0.730583637546382
Bolivia,1952,0.387158662080765,-0.362829089155932,0.4261293821291811,0.8679058973987896,0.5637573716158472,0.7246758300526985
Bolivia,1953,0.431206107139587,-0.325466757715029,0.43816753702357913,0.8688361470897993,0.5642886696754648,0.724847014453942
Bolivia,1954,0.431206107139587,-0.325466757715029,0.43816753702357913,0.8615708276629448,0.5703185050386941,0.7267898292968832
Bolivia,1955,0.431206107139587,-0.325466757715029,0.43816753702357913,0.8691782727837563,0.5721126649043847,0.727367908167648
Bolivia,1956,0.431206107139587,-0.265033577755217,0.45763912653795297,0.8360949181593381,0.5257785125177507,0.7124390297540191
Bolivia,1957,0.431206107139587,-0.265033577755217,0.45763912653795297,0.8128059002859839,0.46988622167202165,0.6944305161346835
Bolivia,1958,0.431206107139587,-0.244013341247456,0.4644118533255614,0.8262753210685871,0.46792828521158464,0.6937996683937867
Bolivia,1959,0.431206107139587,-0.244013341247456,0.4644118533255614,0.820348427764007,0.4606734503768593,0.6914621583373858
Bolivia,1960,0.431206107139587,-0.265033577755217,0.45763912653795297,0.8074712109181189,0.41105913594427107,0.6754764106850056
Bolivia,1961,0.431206107139587,-0.244013341247456,0.4644118533255614,0.802793096630804,0.41540655313596875,0.6768771498660442
Bolivia,1962,0.431206107139587,-0.244013341247456,0.4644118533255614,0.7752683955956908,0.3679826230825017,0.6615971447467776
Bolivia,1963,0.431206107139587,-0.244013341247456,0.4644118533255614,0.7984190634451808,0.4004574728112855,0.6720605515024763
Bolivia,1964,0.431206107139587,-0.244013341247456,0.4644118533255614,0.8027619570493699,0.41216685432578826,0.6758333178945347
Bolivia,1965,0.374247342348099,-0.278792374834486,0.45320603780892615,0.7821149549313954,0.37181010904025497,0.6628303619213655
Bolivia,1966,0.0779839009046555,-0.559200996285846,0.3628582921363796,0.7917576679161618,0.4197107723724202,0.6782639706523703
Bolivia,1967,0.0779839009046555,-0.559200996285846,0.3628582921363796,0.8075032172834172,0.44408336726825315,0.6861168283627767
Bolivia,1968,0.0779839009046555,-0.559200996285846,0.3628582921363796,0.80366976145241,0.4347444012007863,0.6831078105703106
Bolivia,1969,0.0779839009046555,-0.559200996285846,0.3628582921363796,0.8315724660368528,0.5005325078884024,0.7043047591538695
Bolivia,1970,0.0810507163405418,-0.611273571047645,0.346080492235852,0.8398240296279682,0.5109689371029438,0.7076673799161147
Bolivia,1971,0.0836808979511261,-0.622041142589985,0.3426111773118563,0.8398675750941037,0.5177566740788272,0.7098543908960736
Bolivia,1972,0.0836808979511261,-0.622041142589985,0.3426111773118563,0.8343787482290556,0.519617699801239,0.7104540139668203
Bolivia,1973,0.0836808979511261,-0.622041142589985,0.3426111773118563,0.822867362839835,0.49621920054315016,0.7029150101760407
Bolivia,1974,0.0588598251342773,-0.68640953600873,0.3218716607882677,0.829138259677326,0.4914314643250426,0.7013724000667583
Bolivia,1975,0.0588598251342773,-0.68640953600873,0.3218716607882677,0.8316298229353768,0.49463552298529867,0.7024047487707975
Bolivia,1976,0.0588598251342773,-0.68640953600873,0.3218716607882677,0.8359980991908482,0.5064081578259091,0.7061978954043426
Bolivia,1977,0.0588598251342773,-0.68640953600873,0.3218716607882677,0.8499733227140763,0.5249966273502042,0.712187106108102
Bolivia,1978,0.126889541745186,-0.512905603908512,0.37777468206286996,0.8352705385233905,0.5130740454298,0.7083456464784749
Bolivia,1979,0.17631559073925,-0.398183699978532,0.41473811544693967,0.822808113694191,0.4540340537289215,0.6893229426575601
Bolivia,1980,0.17631559073925,-0.398183699978532,0.41473811544693967,0.8232634216547012,0.4604992584428472,0.6914060336416796
Bolivia,1981,0.17631559073925,-0.398183699978532,0.41473811544693967,0.8307277865898914,0.48044265937006353,0.6978318036679065
Bolivia,1982,0.565481841564178,-0.0773500146837114,0.5181108293534211,0.8210196733474731,0.46557778998270855,0.6930423380947258
Bolivia,1983,0.658161759376526,0.0260799870621873,0.551436008316474,0.8205196538141795,0.46541827164942157,0.6929909412377699
Bolivia,1984,0.658161759376526,0.0319189416476776,0.5533173213130322,0.8184458258606138,0.4754214225624633,0.6962139595955431
Bolivia,1985,0.679168283939362,0.0229782120490478,0.5504366154355771,0.8181920619898063,0.46512367244972475,0.6928960212833414
Bolivia,1986,0.679584145545959,0.0131383292207964,0.5472662021058688,0.8163115788589823,0.4574783051162411,0.690432681533502
Bolivia,1987,0.679584145545959,0.0131383292207964,0.5472662021058688,0.8057210397991266,0.43219027062831344,0.6822848688997518
Bolivia,1988,0.685295462608337,-0.0297482964576442,0.5334481178775936,0.800825579298867,0.41855287041348765,0.6778908942784775
Bolivia,1989,0.685295462608337,-0.0172362509173107,0.5374795028702174,0.7950462125083233,0.41662483532539385,0.6772696807691165
Bolivia,1990,0.710967242717743,-0.00209944217821939,0.5423565873877155,0.7870771769645079,0.36200808101270004,0.6596721454203001
Bolivia,1991,0.710967242717743,-0.00460185128628537,0.541550310389191,0.7677191378978582,0.32417860790744873,0.647483477335312
Bolivia,1992,0.710967242717743,-0.00460185128628537,0.541550310389191,0.7546953597705658,0.28313649901276433,0.634259696992577
Bolivia,1993,0.724110960960388,0.0092223961067649,0.5460044872298211,0.75724906434078465,0.2958958672976721,0.6383707694509791
Bolivia,1994,0.715689599514008,0.0054465557090327,0.5447879102708505,0.7462495355621764,0.2598737285845757,0.6267644250733098
Bolivia,1995,0.719651222229004,0.00897849920953449,0.5459259035731302,0.750702711577351,0.26791709622632415,0.6293560006471497
Bolivia,1996,0.719651222229004,0.00397368099340067,0.5443133495760805,0.7500556935866673,0.25537028746093965,0.6253134149325245
Bolivia,1997,0.711301624774933,-0.0135467344644414,0.5386682662271114,0.7549943961203097,0.2669515207824521,0.6290448919366576
Bolivia,1998,0.711301624774933,-0.0435756437612422,0.5289929422448139,0.759292507370313,0.27222834285069325,0.6307450856600643
Bolivia,1999,0.711301624774933,-0.0385708255451084,0.5306054962418635,0.765479393891598,0.2947669556963221,0.6380070337793808
Bolivia,2000,0.718392848968506,-0.0136778245005866,0.5386260289764,0.7704672244114753,0.3012954798857895,0.6401105263183554
Bolivia,2001,0.722363471984863,-0.0249386654868862,0.5349977824830388,0.7728724005045714,0.2992920534529229,0.6394650216940916
Bolivia,2002,0.770188331604004,0.0365401693180724,0.5548062823160811,0.7656200919524733,0.29475987323232683,0.6380047518072629
Bolivia,2003,0.753702819347382,-0.246819045585871,0.46350785450880805,0.7665422649645224,0.2921020569813457,0.6371484025786083
Bolivia,2004,0.753702819347382,-0.236809409153606,0.4667329625029066,0.7546715815974907,0.25998777009635987,0.6268011692841313
Bolivia,2005,0.773703813552856,-0.00429580549420661,0.5416489184392708,0.7479793368787556,0.2617767237530457,0.6273775707127238
Bolivia,2006,0.705135405063629,0.157764536522888,0.5938648114042671,0.7497000712091508,0.2668789703899829,0.6290215161774768
Bolivia,2007,0.689147710800171,0.161267909274181,0.5949935992022016,0.7505456283688545,0.2633566154624347,0.6278866123164064
Bolivia,2008,0.689147710800171,0.159516222898534,0.5944292053032342,0.7454539712077828,0.2596719729346832,0.6266994193397123
Bolivia,2009,0.689147710800171,0.147254418269007,0.5904784480104627,0.7450956097907491,0.26443652355266406,0.6282345590413708
Bolivia,2010,0.703733384609222,0.126987734156481,0.5839485160406571,0.7504168033272356,0.2685956817776878,0.629574641124373
Bolivia,2011,0.703733384609222,0.128739420532128,0.5845129099396246,0.7468260322162446,0.26121204327962977,0.6271956304872972
Bolivia,2012,0.703733384609222,0.158518088918122,0.5941076062220696,0.7517158649861813,0.2840381861807377,0.6345502208805609
Bolivia,2013,0.587145626544952,0.0606280023071748,0.5625673896509342,0.7186448418069631,0.2393428351867179,0.620149364789004
Bolivia,2014,0.587145626544952,0.0869032979418757,0.5710332981354446,0.7176899891051034,0.2476057557386298,0.6228116803792758
Bolivia,2015,0.617060363292694,0.245546961589714,0.6221483362595565,0.6568073264190128,0.06985592151945916,0.565540628111874
France,1900,0.893914937973022,0.467192395521074,0.6935625645049792,0.7275012731552124,0.23967132109969524,0.6202552030530669
France,1901,0.893914937973022,0.467192395521074,0.6935625645049792,0.7308827837308247,0.23513477878180966,0.6187935276971251
France,1902,0.893914937973022,0.467192395521074,0.6935625645049792,0.7308827837308247,0.23513477878180966,0.6187935276971251
France,1903,0.893914937973022,0.467192395521074,0.6935625645049792,0.7308827837308247,0.23513477878180966,0.6187935276971251
France,1904,0.893914937973022,0.467192395521074,0.6935625645049792,0.7307413617769877,0.23724288069490307,0.6194727587939086
France,1905,0.893914937973022,0.467192395521074,0.6935625645049792,0.7334051181872685,0.23985347419143466,0.6203138928362867
France,1906,0.893914937973022,0.467192395521074,0.6935625645049792,0.7334051181872685,0.23985347419143466,0.6203138928362867
France,1907,0.893914937973022,0.467192395521074,0.6935625645049792,0.7334051181872685,0.24218905602563032,0.6210664180349099
France,1908,0.893914937973022,0.467192395521074,0.6935625645049792,0.7334051181872685,0.24218905602563032,0.6210664180349099
France,1909,0.893914937973022,0.467192395521074,0.6935625645049792,0.7347304870684941,0.25282238356695463,0.6244924794997251
France,1910,0.893914937973022,0.433455378711924,0.6826924871205995,0.7464274366696675,0.2587010781464397,0.6263865967347974
France,1911,0.893914937973022,0.433455378711924,0.6826924871205995,0.738623491355351,0.2697531362815982,0.6299475733281177
France,1912,0.893914937973022,0.433455378711924,0.6826924871205995,0.7402737651552472,0.28253847064424575,0.6340670120649017
France,1913,0.893914937973022,0.433455378711924,0.6826924871205995,0.7402737651552472,0.28344559394592,0.634359287476867
France,1914,0.893914937973022,0.433455378711924,0.6826924871205995,0.7275515752179281,0.29599324562882823,0.6384021447797824
France,1915,0.893914937973022,0.433455378711924,0.6826924871205995,0.7522540986537933,0.3249074710984414,0.6477183172837738
France,1916,0.893914937973022,0.433455378711924,0.6826924871205995,0.7522273276533399,0.30582839528025857,0.6415710330784363
France,1917,0.893914937973022,0.433455378711924,0.6826924871205995,0.7546478733420372,0.33552158151867306,0.651138186986153
France,1918,0.893914937973022,0.433455378711924,0.6826924871205995,0.7691094676653545,0.3563404088090492,0.6578460196608265
France,1919,0.893914937973022,0.433455378711924,0.6826924871205995,0.751513604606901,0.3457489761085826,0.6544334567268596
France,1920,0.893914937973022,0.433455378711924,0.6826924871205995,0.7523797575546348,0.33215984605582277,0.650055034766924
France,1921,0.893914937973022,0.433455378711924,0.6826924871205995,0.7596985108178596,0.33533384415711615,0.6510776979494487
France,1922,0.893914937973022,0.433455378711924,0.6826924871205995,0.7596985108178596,0.33848180228146685,0.6520919710432451
France,1923,0.893914937973022,0.433455378711924,0.6826924871205995,0.772991907190193,0.3691823925225271,0.6619837108361941
France,1924,0.893914937973022,0.433455378711924,0.6826924871205995,0.7724468579346484,0.37070709555424897,0.6624749706306439
France,1925,0.893914937973022,0.433455378711924,0.6826924871205995,0.7724301970817826,0.375671900587015,0.664074632367478
France,1926,0.893914937973022,0.433455378711924,0.6826924871205995,0.7825733997992108,0.4061209002156462,0.6738853095862889
France,1927,0.893914937973022,0.433455378711924,0.6826924871205995,0.7875454007160096,0.40822437818447554,0.6745630508467821
France,1928,0.893914937973022,0.433455378711924,0.6826924871205995,0.7913648436466852,0.4092480485758004,0.6748928777675424
France,1929,0.893914937973022,0.433455378711924,0.6826924871205995,0.7952703187863033,0.41519324492779247,0.6768084218945488
France,1930,0.893914937973022,0.433455378711924,0.6826924871205995,0.7962643617675418,0.4179449373575478,0.6776950180574123
France,1931,0.893914937973022,0.433455378711924,0.6826924871205995,0.7856777154263995,0.4044732003527025,0.6733544201742894
France,1932,0.893914937973022,0.433455378711924,0.6826924871205995,0.789532367672239,0.40731666613475237,0.6742705857400111
France,1933,0.893914937973022,0.433455378711924,0.6826924871205995,0.7855853485433678,0.38949094453833577,0.6685271326575528
France,1934,0.893914937973022,0.433455378711924,0.6826924871205995,0.8070647243191214,0.4586703540619366,0.6908167600772269
France,1935,0.893914937973022,0.433455378711924,0.6826924871205995,0.809731001363081,0.4645693790939311,0.6927174277904665
France,1936,0.893914937973022,0.433455378711924,0.6826924871205995,0.8275099452584981,0.4996100289010017,0.7040075361351528
France,1937,0.893914937973022,0.433455378711924,0.6826924871205995,0.8266126979142427,0.5050779848613577,0.7057693132584736
France,1938,0.893914937973022,0.433455378711924,0.6826924871205995,0.8249595034867524,0.5056019654054661,0.7059381399539277
France,1939,0.893914937973022,0.433455378711924,0.6826924871205995,0.8338865293906285,0.5267956039139127,0.712766736920477
France,1940,0.623897850513458,0.46841941401046,0.6939579102466356,0.8006032870875465,0.45843913466468,0.6907422611149989
France,1941,0.486053466796875,0.490224500429863,0.7009835159216374,0.800874971681171,0.45856214538120954,0.6907818952063991
France,1942,0.486053466796875,0.490224500429863,0.7009835159216374,0.800874971681171,0.45739435446411153,0.6904056326070875
France,1943,0.486053466796875,0.490224500429863,0.7009835159216374,0.800874971681171,0.45972993629830733,0.6911581578057107
France,1944,0.641301989555359,0.6443576546881,0.7506452665074557,0.7650154580672582,0.3883616483497485,0.6681632730718262
France,1945,0.809256076812744,0.522119436594481,0.7112600743452979,0.8193241637200117,0.5102378982668732,0.7074318389741272
France,1946,0.806642413139343,0.494800360372037,0.7024578594284416,0.8297967493534089,0.5307149039275812,0.7140295366126425
France,1947,0.935474395751953,0.62005938261509,0.7428163556338454,0.8586679775463908,0.5527299016318314,0.721122775769379
France,1948,0.935474395751953,0.62268293299678,0.7436616643886803,0.8568581683295113,0.5563150399757525,0.7222779084668722
France,1949,0.935474395751953,0.62268293299678,0.7436616643886803,0.8633105292916298,0.5605254313634562,0.7236344978909393
France,1950,0.935474395751953,0.62268293299678,0.7436616643886803,0.8700778511437502,0.5838849995131691,0.7311609580664046
France,1951,0.935474395751953,0.62268293299678,0.7436616643886803,0.8698629140853882,0.5820931933098152,0.730583637546382
France,1952,0.935474395751953,0.62268293299678,0.7436616643886803,0.8679058973987896,0.5637573716158472,0.7246758300526985
France,1953,0.935474395751953,0.62268293299678,0.7436616643886803,0.8688361470897993,0.5642886696754648,0.724847014453942
France,1954,0.935474395751953,0.62268293299678,0.7436616643886803,0.8615708276629448,0.5703185050386941,0.7267898292968832
France,1955,0.935474395751953,0.62268293299678,0.7436616643886803,0.8691782727837563,0.5721126649043847,0.727367908167648
France,1956,0.935474395751953,0.62268293299678,0.7436616643886803,0.8360949181593381,0.5257785125177507,0.7124390297540191
France,1957,0.935474395751953,0.62268293299678,0.7436616643886803,0.8128059002859839,0.46988622167202165,0.6944305161346835
France,1958,0.936550915241241,0.622924244265172,0.7437394149549496,0.8262753210685871,0.46792828521158464,0.6937996683937867
France,1959,0.959269464015961,0.80738644302783,0.803173193180981,0.820348427764007,0.4606734503768593,0.6914621583373858
France,1960,0.959269464015961,0.80738644302783,0.803173193180981,0.8074712109181189,0.41105913594427107,0.6754764106850056
France,1961,0.959269464015961,0.80738644302783,0.803173193180981,0.802793096630804,0.41540655313596875,0.6768771498660442
France,1962,0.959269464015961,0.80738644302783,0.803173193180981,0.7752683955956908,0.3679826230825017,0.6615971447467776
France,1963,0.959269464015961,0.80738644302783,0.803173193180981,0.7984190634451808,0.4004574728112855,0.6720605515024763
France,1964,0.959269464015961,0.80738644302783,0.803173193180981,0.8027619570493699,0.41216685432578826,0.6758333178945347
France,1965,0.959269464015961,0.80738644302783,0.803173193180981,0.7821149549313954,0.37181010904025497,0.6628303619213655
France,1966,0.959269464015961,0.80738644302783,0.803173193180981,0.7917576679161618,0.4197107723724202,0.6782639706523703
France,1967,0.959269464015961,0.80738644302783,0.803173193180981,0.8075032172834172,0.44408336726825315,0.6861168283627767
France,1968,0.959269464015961,0.80738644302783,0.803173193180981,0.80366976145241,0.4347444012007863,0.6831078105703106
France,1969,0.960423588752747,0.806772896998641,0.8029755084581767,0.8315724660368528,0.5005325078884024,0.7043047591538695
France,1970,0.961178123950958,0.806159350969451,0.8027778237353721,0.8398240296279682,0.5109689371029438,0.7076673799161147
France,1971,0.961178123950958,0.806159350969451,0.8027778237353721,0.8398675750941037,0.5177566740788272,0.7098543908960736
France,1972,0.961178123950958,0.806159350969451,0.8027778237353721,0.8343787482290556,0.519617699801239,0.7104540139668203
France,1973,0.961178123950958,0.806159350969451,0.8027778237353721,0.822867362839835,0.49621920054315016,0.7029150101760407
France,1974,0.961178123950958,0.806159350969451,0.8027778237353721,0.829138259677326,0.4914314643250426,0.7013724000667583
France,1975,0.961178123950958,0.806159350969451,0.8027778237353721,0.8316298229353768,0.49463552298529867,0.7024047487707975
France,1976,0.961178123950958,0.806159350969451,0.8027778237353721,0.8359980991908482,0.5064081578259091,0.7061978954043426
France,1977,0.961178123950958,0.806159350969451,0.8027778237353721,0.8499733227140763,0.5249966273502042,0.712187106108102
France,1978,0.961178123950958,0.806159350969451,0.8027778237353721,0.8352705385233905,0.5130740454298,0.7083456464784749
France,1979,0.961178123950958,0.806159350969451,0.8027778237353721,0.822808113694191,0.4540340537289215,0.6893229426575601
France,1980,0.961178123950958,0.809662723720745,0.803906611533307,0.8232634216547012,0.4604992584428472,0.6914060336416796
France,1981,0.961178123950958,0.809662723720745,0.803906611533307,0.8307277865898914,0.48044265937006353,0.6978318036679065
France,1982,0.961178123950958,0.809662723720745,0.803906611533307,0.8210196733474731,0.46557778998270855,0.6930423380947258
France,1983,0.961178123950958,0.809662723720745,0.803906611533307,0.8205196538141795,0.46541827164942157,0.6929909412377699
France,1984,0.961178123950958,0.809662723720745,0.803906611533307,0.8184458258606138,0.4754214225624633,0.6962139595955431
France,1985,0.961178123950958,0.809662723720745,0.803906611533307,0.8181920619898063,0.46512367244972475,0.6928960212833414
France,1986,0.961178123950958,0.81258220101349,0.804847268031586,0.8163115788589823,0.4574783051162411,0.690432681533502
France,1987,0.936560034751892,0.756580697030808,0.786803565905312,0.8057210397991266,0.43219027062831344,0.6822848688997518
France,1988,0.936560034751892,0.756580697030808,0.786803565905312,0.800825579298867,0.41855287041348765,0.6778908942784775
France,1989,0.936560034751892,0.756580697030808,0.786803565905312,0.7950462125083233,0.41662483532539385,0.6772696807691165
France,1990,0.936560034751892,0.756580697030808,0.786803565905312,0.7870771769645079,0.36200808101270004,0.6596721454203001
France,1991,0.936560034751892,0.756580697030808,0.786803565905312,0.7677191378978582,0.32417860790744873,0.647483477335312
France,1992,0.936560034751892,0.756580697030808,0.786803565905312,0.7546953597705658,0.28313649901276433,0.634259696992577
France,1993,0.936560034751892,0.756580697030808,0.786803565905312,0.75724906434078465,0.2958958672976721,0.6383707694509791
France,1994,0.936560034751892,0.756580697030808,0.786803565905312,0.7462495355621764,0.2598737285845757,0.6267644250733098
France,1995,0.936560034751892,0.759500174323552,0.7877442224035908,0.750702711577351,0.26791709622632415,0.6293560006471497
France,1996,0.936560034751892,0.759500174323552,0.7877442224035908,0.7500556935866673,0.25537028746093965,0.6253134149325245
France,1997,0.936560034751892,0.756580697030808,0.786803565905312,0.7549943961203097,0.2669515207824521,0.6290448919366576
France,1998,0.936560034751892,0.756580697030808,0.786803565905312,0.759292507370313,0.27222834285069325,0.6307450856600643
France,1999,0.936560034751892,0.756580697030808,0.786803565905312,0.765479393891598,0.2947669556963221,0.6380070337793808
France,2000,0.936560034751892,0.759500174323552,0.7877442224035908,0.7704672244114753,0.3012954798857895,0.6401105263183554
France,2001,0.936560034751892,0.651665695326577,0.7529999194904928,0.7728724005045714,0.2992920534529229,0.6394650216940916
France,2002,0.936560034751892,0.650205956680205,0.7525295912413535,0.7656200919524733,0.29475987323232683,0.6380047518072629
France,2003,0.936560034751892,0.650205956680205,0.7525295912413535,0.7665422649645224,0.2921020569813457,0.6371484025786083
France,2004,0.936560034751892,0.650205956680205,0.7525295912413535,0.7546715815974907,0.25998777009635987,0.6268011692841313
France,2005,0.936560034751892,0.650205956680205,0.7525295912413535,0.7479793368787556,0.2617767237530457,0.6273775707127238
France,2006,0.936560034751892,0.653125433972949,0.7534702477396322,0.7497000712091508,0.2668789703899829,0.6290215161774768
France,2007,0.936560034751892,0.650205956680205,0.7525295912413535,0.7505456283688545,0.2633566154624347,0.6278866123164064
France,2008,0.936560034751892,0.651665695326577,0.7529999194904928,0.7454539712077828,0.2596719729346832,0.6266994193397123
France,2009,0.936560034751892,0.653125433972949,0.7534702477396322,0.7450956097907491,0.26443652355266406,0.6282345590413708
France,2010,0.936560034751892,0.650205956680205,0.7525295912413535,0.7504168033272356,0.2685956817776878,0.629574641124373
France,2011,0.936560034751892,0.650205956680205,0.7525295912413535,0.7468260322162446,0.26121204327962977,0.6271956304872972
France,2012,0.936560034751892,0.630094001996853,0.7460495131420983,0.7517158649861813,0.2840381861807377,0.6345502208805609
France,2013,NA,NA,NA,0.7186448418069631,0.2393428351867179,0.620149364789004
France,2014,NA,NA,NA,0.7176899891051034,0.2476057557386298,0.6228116803792758
Spain,1900,0.424907207489014,-0.356343695226068,0.4282189780850004,0.7275012731552124,0.23967132109969524,0.6202552030530669
Spain,1901,0.424907207489014,-0.356343695226068,0.4282189780850004,0.7308827837308247,0.23513477878180966,0.6187935276971251
Spain,1902,0.424907207489014,-0.356343695226068,0.4282189780850004,0.7308827837308247,0.23513477878180966,0.6187935276971251
Spain,1903,0.424907207489014,-0.356343695226068,0.4282189780850004,0.7308827837308247,0.23513477878180966,0.6187935276971251
Spain,1904,0.424907207489014,-0.356343695226068,0.4282189780850004,0.7307413617769877,0.23724288069490307,0.6194727587939086
Spain,1905,0.424907207489014,-0.356343695226068,0.4282189780850004,0.7334051181872685,0.23985347419143466,0.6203138928362867
Spain,1906,0.424907207489014,-0.356343695226068,0.4282189780850004,0.7334051181872685,0.23985347419143466,0.6203138928362867
Spain,1907,0.424907207489014,-0.356343695226068,0.4282189780850004,0.7334051181872685,0.24218905602563032,0.6210664180349099
Spain,1908,0.424907207489014,-0.356343695226068,0.4282189780850004,0.7334051181872685,0.24218905602563032,0.6210664180349099
Spain,1909,0.424907207489014,-0.356343695226068,0.4282189780850004,0.7347304870684941,0.25282238356695463,0.6244924794997251
Spain,1910,0.424907207489014,-0.356343695226068,0.4282189780850004,0.7464274366696675,0.2587010781464397,0.6263865967347974
Spain,1911,0.424907207489014,-0.356343695226068,0.4282189780850004,0.738623491355351,0.2697531362815982,0.6299475733281177
Spain,1912,0.424907207489014,-0.356343695226068,0.4282189780850004,0.7402737651552472,0.28253847064424575,0.6340670120649017
Spain,1913,0.424907207489014,-0.356343695226068,0.4282189780850004,0.7402737651552472,0.28344559394592,0.634359287476867
Spain,1914,0.424907207489014,-0.356343695226068,0.4282189780850004,0.7275515752179281,0.29599324562882823,0.6384021447797824
Spain,1915,0.424907207489014,-0.356343695226068,0.4282189780850004,0.7522540986537933,0.3249074710984414,0.6477183172837738
Spain,1916,0.424907207489014,-0.356343695226068,0.4282189780850004,0.7522273276533399,0.30582839528025857,0.6415710330784363
Spain,1917,0.424907207489014,-0.356343695226068,0.4282189780850004,0.7546478733420372,0.33552158151867306,0.651138186986153
Spain,1918,0.424907207489014,-0.356343695226068,0.4282189780850004,0.7691094676653545,0.3563404088090492,0.6578460196608265
Spain,1919,0.424907207489014,-0.356343695226068,0.4282189780850004,0.751513604606901,0.3457489761085826,0.6544334567268596
Spain,1920,0.424907207489014,-0.356343695226068,0.4282189780850004,0.7523797575546348,0.33215984605582277,0.650055034766924
Spain,1921,0.424907207489014,-0.356343695226068,0.4282189780850004,0.7596985108178596,0.33533384415711615,0.6510776979494487
Spain,1922,0.424907207489014,-0.356343695226068,0.4282189780850004,0.7596985108178596,0.33848180228146685,0.6520919710432451
Spain,1923,0.117793314158916,-0.402590991207783,0.4133180848322452,0.772991907190193,0.3691823925225271,0.6619837108361941
Spain,1924,0.117793314158916,-0.192388626130175,0.4810453527083285,0.7724468579346484,0.37070709555424897,0.6624749706306439
Spain,1925,0.117793314158916,-0.192388626130175,0.4810453527083285,0.7724301970817826,0.375671900587015,0.664074632367478
Spain,1926,0.117793314158916,-0.192388626130175,0.4810453527083285,0.7825733997992108,0.4061209002156462,0.6738853095862889
Spain,1927,0.117793314158916,-0.192388626130175,0.4810453527083285,0.7875454007160096,0.40822437818447554,0.6745630508467821
Spain,1928,0.117793314158916,-0.192388626130175,0.4810453527083285,0.7913648436466852,0.4092480485758004,0.6748928777675424
Spain,1929,0.117793314158916,-0.192388626130175,0.4810453527083285,0.7952703187863033,0.41519324492779247,0.6768084218945488
Spain,1930,0.1273133456707,-0.192388626130175,0.4810453527083285,0.7962643617675418,0.4179449373575478,0.6776950180574123
Spain,1931,0.504418194293976,0.0323935760759666,0.5534702486745111,0.7856777154263995,0.4044732003527025,0.6733544201742894
Spain,1932,0.58800995349884,0.0962477804259558,0.5740440933190716,0.789532367672239,0.40731666613475237,0.6742705857400111
Spain,1933,0.58800995349884,0.0962477804259558,0.5740440933190716,0.7855853485433678,0.38949094453833577,0.6685271326575528
Spain,1934,0.58800995349884,0.0962477804259558,0.5740440933190716,0.8070647243191214,0.4586703540619366,0.6908167600772269
Spain,1935,0.58800995349884,0.0962477804259558,0.5740440933190716,0.809731001363081,0.4645693790939311,0.6927174277904665
Spain,1936,0.58800995349884,0.0962477804259558,0.5740440933190716,0.8275099452584981,0.4996100289010017,0.7040075361351528
Spain,1937,0.557605147361755,0.0597413057328993,0.5622816957369356,0.8266126979142427,0.5050779848613577,0.7057693132584736
Spain,1938,0.557605147361755,0.0597413057328993,0.5622816957369356,0.8249595034867524,0.5056019654054661,0.7059381399539277
Spain,1939,0.503697216510773,0.274445361873156,0.631459409883606,0.8338865293906285,0.5267956039139127,0.712766736920477
Spain,1940,0.140585988759995,0.155863487437244,0.5932522927933491,0.8006032870875465,0.45843913466468,0.6907422611149989
Spain,1941,0.140585988759995,0.155863487437244,0.5932522927933491,0.800874971681171,0.45856214538120954,0.6907818952063991
Spain,1942,0.140585988759995,0.155863487437244,0.5932522927933491,0.800874971681171,0.45739435446411153,0.6904056326070875
Spain,1943,0.140585988759995,0.155863487437244,0.5932522927933491,0.800874971681171,0.45972993629830733,0.6911581578057107
Spain,1944,0.140585988759995,0.155863487437244,0.5932522927933491,0.7650154580672582,0.3883616483497485,0.6681632730718262
Spain,1945,0.140585988759995,0.155863487437244,0.5932522927933491,0.8193241637200117,0.5102378982668732,0.7074318389741272
Spain,1946,0.140585988759995,0.155863487437244,0.5932522927933491,0.8297967493534089,0.5307149039275812,0.7140295366126425
Spain,1947,0.140585988759995,0.155863487437244,0.5932522927933491,0.8586679775463908,0.5527299016318314,0.721122775769379
Spain,1948,0.140585988759995,0.155863487437244,0.5932522927933491,0.8568581683295113,0.5563150399757525,0.7222779084668722
Spain,1949,0.140585988759995,0.155863487437244,0.5932522927933491,0.8633105292916298,0.5605254313634562,0.7236344978909393
Spain,1950,0.140585988759995,0.155863487437244,0.5932522927933491,0.8700778511437502,0.5838849995131691,0.7311609580664046
Spain,1951,0.140585988759995,0.155863487437244,0.5932522927933491,0.8698629140853882,0.5820931933098152,0.730583637546382
Spain,1952,0.140585988759995,0.155863487437244,0.5932522927933491,0.8679058973987896,0.5637573716158472,0.7246758300526985
Spain,1953,0.140585988759995,0.155863487437244,0.5932522927933491,0.8688361470897993,0.5642886696754648,0.724847014453942
Spain,1954,0.140585988759995,0.155863487437244,0.5932522927933491,0.8615708276629448,0.5703185050386941,0.7267898292968832
Spain,1955,0.140585988759995,0.155863487437244,0.5932522927933491,0.8691782727837563,0.5721126649043847,0.727367908167648
Spain,1956,0.140585988759995,0.155863487437244,0.5932522927933491,0.8360949181593381,0.5257785125177507,0.7124390297540191
Spain,1957,0.140585988759995,0.155863487437244,0.5932522927933491,0.8128059002859839,0.46988622167202165,0.6944305161346835
Spain,1958,0.140585988759995,0.155863487437244,0.5932522927933491,0.8262753210685871,0.46792828521158464,0.6937996683937867
Spain,1959,0.140585988759995,0.155863487437244,0.5932522927933491,0.820348427764007,0.4606734503768593,0.6914621583373858
Spain,1960,0.140585988759995,0.155863487437244,0.5932522927933491,0.8074712109181189,0.41105913594427107,0.6754764106850056
Spain,1961,0.140585988759995,0.155863487437244,0.5932522927933491,0.802793096630804,0.41540655313596875,0.6768771498660442
Spain,1962,0.140585988759995,0.155863487437244,0.5932522927933491,0.7752683955956908,0.3679826230825017,0.6615971447467776
Spain,1963,0.140585988759995,0.155863487437244,0.5932522927933491,0.7984190634451808,0.4004574728112855,0.6720605515024763
Spain,1964,0.140585988759995,0.155863487437244,0.5932522927933491,0.8027619570493699,0.41216685432578826,0.6758333178945347
Spain,1965,0.140585988759995,0.155863487437244,0.5932522927933491,0.7821149549313954,0.37181010904025497,0.6628303619213655
Spain,1966,0.140585988759995,0.155863487437244,0.5932522927933491,0.7917576679161618,0.4197107723724202,0.6782639706523703
Spain,1967,0.140585988759995,0.155863487437244,0.5932522927933491,0.8075032172834172,0.44408336726825315,0.6861168283627767
Spain,1968,0.140585988759995,0.155863487437244,0.5932522927933491,0.80366976145241,0.4347444012007863,0.6831078105703106
Spain,1969,0.140585988759995,0.155863487437244,0.5932522927933491,0.8315724660368528,0.5005325078884024,0.7043047591538695
Spain,1970,0.140585988759995,0.155863487437244,0.5932522927933491,0.8398240296279682,0.5109689371029438,0.7076673799161147
Spain,1971,0.140585988759995,0.155863487437244,0.5932522927933491,0.8398675750941037,0.5177566740788272,0.7098543908960736
Spain,1972,0.140585988759995,0.155863487437244,0.5932522927933491,0.8343787482290556,0.519617699801239,0.7104540139668203
Spain,1973,0.140585988759995,0.155863487437244,0.5932522927933491,0.822867362839835,0.49621920054315016,0.7029150101760407
Spain,1974,0.140585988759995,0.155863487437244,0.5932522927933491,0.829138259677326,0.4914314643250426,0.7013724000667583
Spain,1975,0.140585988759995,0.155863487437244,0.5932522927933491,0.8316298229353768,0.49463552298529867,0.7024047487707975
Spain,1976,0.140585988759995,0.155863487437244,0.5932522927933491,0.8359980991908482,0.5064081578259091,0.7061978954043426
Spain,1977,0.890297830104828,0.807558912653883,0.8032287629485233,0.8499733227140763,0.5249966273502042,0.712187106108102
Spain,1978,0.957767963409424,0.976736352775882,0.8577377871524248,0.8352705385233905,0.5130740454298,0.7083456464784749
Spain,1979,0.957767963409424,0.976736352775882,0.8577377871524248,0.822808113694191,0.4540340537289215,0.6893229426575601
Spain,1980,0.957767963409424,0.976736352775882,0.8577377871524248,0.8232634216547012,0.4604992584428472,0.6914060336416796
Spain,1981,0.957767963409424,0.976736352775882,0.8577377871524248,0.8307277865898914,0.48044265937006353,0.6978318036679065
Spain,1982,0.956911861896515,1.11354397188037,0.9018172448843012,0.8210196733474731,0.46557778998270855,0.6930423380947258
Spain,1983,0.960767924785614,1.08976191480488,0.8941546586446014,0.8205196538141795,0.46541827164942157,0.6929909412377699
Spain,1984,0.960767924785614,1.08976191480488,0.8941546586446014,0.8184458258606138,0.4754214225624633,0.6962139595955431
Spain,1985,0.960767924785614,1.08976191480488,0.8941546586446014,0.8181920619898063,0.46512367244972475,0.6928960212833414
Spain,1986,0.956008613109589,1.08683147947567,0.8932104714635406,0.8163115788589823,0.4574783051162411,0.690432681533502
Spain,1987,0.956008613109589,1.08683147947567,0.8932104714635406,0.8057210397991266,0.43219027062831344,0.6822848688997518
Spain,1988,0.958161890506744,1.09356972715519,0.8953815369767081,0.800825579298867,0.41855287041348765,0.6778908942784775
Spain,1989,0.958161890506744,1.09356972715519,0.8953815369767081,0.7950462125083233,0.41662483532539385,0.6772696807691165
Spain,1990,0.953235626220703,0.990732367022145,0.8622473073269677,0.7870771769645079,0.36200808101270004,0.6596721454203001
Spain,1991,0.953235626220703,0.990732367022145,0.8622473073269677,0.7677191378978582,0.32417860790744873,0.647483477335312
Spain,1992,0.953235626220703,0.990732367022145,0.8622473073269677,0.7546953597705658,0.28313649901276433,0.634259696992577
Spain,1993,0.953235626220703,0.990732367022145,0.8622473073269677,0.75724906434078465,0.2958958672976721,0.6383707694509791
Spain,1994,0.953235626220703,0.990732367022145,0.8622473073269677,0.7462495355621764,0.2598737285845757,0.6267644250733098
Spain,1995,0.953235626220703,0.990732367022145,0.8622473073269677,0.750702711577351,0.26791709622632415,0.6293560006471497
Spain,1996,0.953235626220703,0.990732367022145,0.8622473073269677,0.7500556935866673,0.25537028746093965,0.6253134149325245
Spain,1997,0.953235626220703,0.990732367022145,0.8622473073269677,0.7549943961203097,0.2669515207824521,0.6290448919366576
Spain,1998,0.953235626220703,0.990732367022145,0.8622473073269677,0.759292507370313,0.27222834285069325,0.6307450856600643
Spain,1999,0.953235626220703,0.990732367022145,0.8622473073269677,0.765479393891598,0.2947669556963221,0.6380070337793808
Spain,2000,0.953235626220703,0.990732367022145,0.8622473073269677,0.7704672244114753,0.3012954798857895,0.6401105263183554
Spain,2001,0.953235626220703,0.990732367022145,0.8622473073269677,0.7728724005045714,0.2992920534529229,0.6394650216940916
Spain,2002,0.953235626220703,0.990732367022145,0.8622473073269677,0.7656200919524733,0.29475987323232683,0.6380047518072629
Spain,2003,0.953235626220703,0.990732367022145,0.8622473073269677,0.7665422649645224,0.2921020569813457,0.6371484025786083
Spain,2004,0.953235626220703,0.990732367022145,0.8622473073269677,0.7546715815974907,0.25998777009635987,0.6268011692841313
Spain,2005,0.953235626220703,1.00299417165167,0.8661980646197387,0.7479793368787556,0.2617767237530457,0.6273775707127238
Spain,2006,0.953235626220703,1.00299417165167,0.8661980646197387,0.7497000712091508,0.2668789703899829,0.6290215161774768
Spain,2007,0.953235626220703,1.00299417165167,0.8661980646197387,0.7505456283688545,0.2633566154624347,0.6278866123164064
Spain,2008,0.953235626220703,1.00299417165167,0.8661980646197387,0.7454539712077828,0.2596719729346832,0.6266994193397123
Spain,2009,0.957129657268524,1.00998561641682,0.8684507103132129,0.7450956097907491,0.26443652355266406,0.6282345590413708
Spain,2010,0.957129657268524,1.00697095615873,0.8674793858336826,0.7504168033272356,0.2685956817776878,0.629574641124373
Spain,2011,0.957129657268524,1.00697095615873,0.8674793858336826,0.7468260322162446,0.26121204327962977,0.6271956304872972
Spain,2012,0.957129657268524,1.00592293866902,0.8671417142701956,0.7517158649861813,0.2840381861807377,0.6345502208805609
Spain,2013,0.931410014629364,0.984943174080083,0.8603820275475105,0.7186448418069631,0.2393428351867179,0.620149364789004
Spain,2014,0.931410014629364,0.980272010411692,0.8588769771502643,0.7176899891051034,0.2476057557386298,0.6228116803792758
United States of America,1900,0.948320508003235,0.484183563533935,0.6990371241613832,0.7275012731552124,0.23967132109969524,0.6202552030530669
United States of America,1901,0.948320508003235,0.484183563533935,0.6990371241613832,0.7308827837308247,0.23513477878180966,0.6187935276971251
United States of America,1902,0.948320508003235,0.484183563533935,0.6990371241613832,0.7308827837308247,0.23513477878180966,0.6187935276971251
United States of America,1903,0.948320508003235,0.484183563533935,0.6990371241613832,0.7308827837308247,0.23513477878180966,0.6187935276971251
United States of America,1904,0.948320508003235,0.484183563533935,0.6990371241613832,0.7307413617769877,0.23724288069490307,0.6194727587939086
United States of America,1905,0.948320508003235,0.484183563533935,0.6990371241613832,0.7334051181872685,0.23985347419143466,0.6203138928362867
United States of America,1906,0.948320508003235,0.484183563533935,0.6990371241613832,0.7334051181872685,0.23985347419143466,0.6203138928362867
United States of America,1907,0.948320508003235,0.484183563533935,0.6990371241613832,0.7334051181872685,0.24218905602563032,0.6210664180349099
United States of America,1908,0.948320508003235,0.484183563533935,0.6990371241613832,0.7334051181872685,0.24218905602563032,0.6210664180349099
United States of America,1909,0.948320508003235,0.484183563533935,0.6990371241613832,0.7347304870684941,0.25282238356695463,0.6244924794997251
United States of America,1910,0.948320508003235,0.445179914722259,0.6864701362959623,0.7464274366696675,0.2587010781464397,0.6263865967347974
United States of America,1911,0.948320508003235,0.445179914722259,0.6864701362959623,0.738623491355351,0.2697531362815982,0.6299475733281177
United States of America,1912,0.948320508003235,0.445179914722259,0.6864701362959623,0.7402737651552472,0.28253847064424575,0.6340670120649017
United States of America,1913,0.948320508003235,0.445179914722259,0.6864701362959623,0.7402737651552472,0.28344559394592,0.634359287476867
United States of America,1914,0.948320508003235,0.445179914722259,0.6864701362959623,0.7275515752179281,0.29599324562882823,0.6384021447797824
United States of America,1915,0.948320508003235,0.372995927508948,0.6632124330034483,0.7522540986537933,0.3249074710984414,0.6477183172837738
United States of America,1916,0.946370661258698,0.325141610739503,0.6477937571494705,0.7522273276533399,0.30582839528025857,0.6415710330784363
United States of America,1917,0.946370661258698,0.325141610739503,0.6477937571494705,0.7546478733420372,0.33552158151867306,0.651138186986153
United States of America,1918,0.946370661258698,0.292386381329986,0.6372400119728078,0.7691094676653545,0.3563404088090492,0.6578460196608265
United States of America,1919,0.946370661258698,0.292386381329986,0.6372400119728078,0.751513604606901,0.3457489761085826,0.6544334567268596
United States of America,1920,0.946370661258698,0.292386381329986,0.6372400119728078,0.7523797575546348,0.33215984605582277,0.650055034766924
United States of America,1921,0.946370661258698,0.292386381329986,0.6372400119728078,0.7596985108178596,0.33533384415711615,0.6510776979494487
United States of America,1922,0.946370661258698,0.292386381329986,0.6372400119728078,0.7596985108178596,0.33848180228146685,0.6520919710432451
United States of America,1923,0.946370661258698,0.292386381329986,0.6372400119728078,0.772991907190193,0.3691823925225271,0.6619837108361941
United States of America,1924,0.946370661258698,0.292386381329986,0.6372400119728078,0.7724468579346484,0.37070709555424897,0.6624749706306439
United States of America,1925,0.946370661258698,0.292386381329986,0.6372400119728078,0.7724301970817826,0.375671900587015,0.664074632367478
United States of America,1926,0.946370661258698,0.292386381329986,0.6372400119728078,0.7825733997992108,0.4061209002156462,0.6738853095862889
United States of America,1927,0.946370661258698,0.292386381329986,0.6372400119728078,0.7875454007160096,0.40822437818447554,0.6745630508467821
United States of America,1928,0.946370661258698,0.292386381329986,0.6372400119728078,0.7913648436466852,0.4092480485758004,0.6748928777675424
United States of America,1929,0.946370661258698,0.292386381329986,0.6372400119728078,0.7952703187863033,0.41519324492779247,0.6768084218945488
United States of America,1930,0.946370661258698,0.292386381329986,0.6372400119728078,0.7962643617675418,0.4179449373575478,0.6776950180574123
United States of America,1931,0.946370661258698,0.292386381329986,0.6372400119728078,0.7856777154263995,0.4044732003527025,0.6733544201742894
United States of America,1932,0.944293022155762,0.255585141786888,0.6253826410636503,0.789532367672239,0.40731666613475237,0.6742705857400111
United States of America,1933,0.942368149757385,0.193221282548891,0.6052889860810399,0.7855853485433678,0.38949094453833577,0.6685271326575528
United States of America,1934,0.942368149757385,0.193221282548891,0.6052889860810399,0.8070647243191214,0.4586703540619366,0.6908167600772269
United States of America,1935,0.942368149757385,0.193221282548891,0.6052889860810399,0.809731001363081,0.4645693790939311,0.6927174277904665
United States of America,1936,0.942368149757385,0.193221282548891,0.6052889860810399,0.8275099452584981,0.4996100289010017,0.7040075361351528
United States of America,1937,0.942368149757385,0.193221282548891,0.6052889860810399,0.8266126979142427,0.5050779848613577,0.7057693132584736
United States of America,1938,0.942368149757385,0.193221282548891,0.6052889860810399,0.8249595034867524,0.5056019654054661,0.7059381399539277
United States of America,1939,0.942368149757385,0.193221282548891,0.6052889860810399,0.8338865293906285,0.5267956039139127,0.712766736920477
United States of America,1940,0.942368149757385,0.193221282548891,0.6052889860810399,0.8006032870875465,0.45843913466468,0.6907422611149989
United States of America,1941,0.942368149757385,0.190252796979793,0.6043325391007675,0.800874971681171,0.45856214538120954,0.6907818952063991
United States of America,1942,0.942368149757385,0.190252796979793,0.6043325391007675,0.800874971681171,0.45739435446411153,0.6904056326070875
United States of America,1943,0.942368149757385,0.190252796979793,0.6043325391007675,0.800874971681171,0.45972993629830733,0.6911581578057107
United States of America,1944,0.942368149757385,0.190252796979793,0.6043325391007675,0.7650154580672582,0.3883616483497485,0.6681632730718262
United States of America,1945,0.943052649497986,0.17094069592522,0.5981101740912674,0.8193241637200117,0.5102378982668732,0.7074318389741272
United States of America,1946,0.943052649497986,0.17094069592522,0.5981101740912674,0.8297967493534089,0.5307149039275812,0.7140295366126425
United States of America,1947,0.943052649497986,0.17094069592522,0.5981101740912674,0.8586679775463908,0.5527299016318314,0.721122775769379
United States of America,1948,0.943052649497986,0.17094069592522,0.5981101740912674,0.8568581683295113,0.5563150399757525,0.7222779084668722
United States of America,1949,0.943052649497986,0.17094069592522,0.5981101740912674,0.8633105292916298,0.5605254313634562,0.7236344978909393
United States of America,1950,0.942733407020569,0.168192302971535,0.5972246410206276,0.8700778511437502,0.5838849995131691,0.7311609580664046
United States of America,1951,0.942733407020569,0.168192302971535,0.5972246410206276,0.8698629140853882,0.5820931933098152,0.730583637546382
United States of America,1952,0.945791661739349,0.25368599457514,0.6247707352370975,0.8679058973987896,0.5637573716158472,0.7246758300526985
United States of America,1953,0.942708671092987,0.167157076592903,0.5968910907571368,0.8688361470897993,0.5642886696754648,0.724847014453942
United States of America,1954,0.942708671092987,0.167157076592903,0.5968910907571368,0.8615708276629448,0.5703185050386941,0.7267898292968832
United States of America,1955,0.942708671092987,0.167157076592903,0.5968910907571368,0.8691782727837563,0.5721126649043847,0.727367908167648
United States of America,1956,0.943095207214355,0.169893693863289,0.597772829698929,0.8360949181593381,0.5257785125177507,0.7124390297540191
United States of America,1957,0.943095207214355,0.169893693863289,0.597772829698929,0.8128059002859839,0.46988622167202165,0.6944305161346835
United States of America,1958,0.943095207214355,0.169893693863289,0.597772829698929,0.8262753210685871,0.46792828521158464,0.6937996683937867
United States of America,1959,0.943095207214355,0.169893693863289,0.597772829698929,0.820348427764007,0.4606734503768593,0.6914621583373858
United States of America,1960,0.943095207214355,0.169893693863289,0.597772829698929,0.8074712109181189,0.41105913594427107,0.6754764106850056
United States of America,1961,0.943095207214355,0.169893693863289,0.597772829698929,0.802793096630804,0.41540655313596875,0.6768771498660442
United States of America,1962,0.944359183311462,0.253624683716222,0.6247509808591478,0.7752683955956908,0.3679826230825017,0.6615971447467776
United States of America,1963,0.942483603954315,0.163451540720883,0.5956971659383743,0.7984190634451808,0.4004574728112855,0.6720605515024763
United States of America,1964,0.940821051597595,0.182091532897932,0.601702977256991,0.8027619570493699,0.41216685432578826,0.6758333178945347
United States of America,1965,0.952596127986908,0.184593942005998,0.6025092542555155,0.7821149549313954,0.37181010904025497,0.6628303619213655
United States of America,1966,0.952596127986908,0.184593942005998,0.6025092542555155,0.7917576679161618,0.4197107723724202,0.6782639706523703
United States of America,1967,0.95431935787200906,0.214697401215256,0.6122085982429604,0.8075032172834172,0.44408336726825315,0.6861168283627767
United States of America,1968,0.95431935787200906,0.21219499210719,0.6114023212444357,0.80366976145241,0.4347444012007863,0.6831078105703106
United States of America,1969,0.95431935787200906,0.21219499210719,0.6114023212444357,0.8315724660368528,0.5005325078884024,0.7043047591538695
United States of America,1970,0.95431935787200906,0.155903827507893,0.5932652903767492,0.8398240296279682,0.5109689371029438,0.7076673799161147
United States of America,1971,0.95431935787200906,0.155903827507893,0.5932652903767492,0.8398675750941037,0.5177566740788272,0.7098543908960736
United States of America,1972,0.95431935787200906,0.155903827507893,0.5932652903767492,0.8343787482290556,0.519617699801239,0.7104540139668203
United States of America,1973,0.95431935787200906,0.110479904625576,0.5786296881945502,0.822867362839835,0.49621920054315016,0.7029150101760407
United States of America,1974,0.95431935787200906,0.110479904625576,0.5786296881945502,0.829138259677326,0.4914314643250426,0.7013724000667583
United States of America,1975,0.95431935787200906,0.110479904625576,0.5786296881945502,0.8316298229353768,0.49463552298529867,0.7024047487707975
United States of America,1976,0.95431935787200906,0.110479904625576,0.5786296881945502,0.8359980991908482,0.5064081578259091,0.7061978954043426
United States of America,1977,0.95431935787200906,0.110479904625576,0.5786296881945502,0.8499733227140763,0.5249966273502042,0.712187106108102
United States of America,1978,0.95431935787200906,0.110479904625576,0.5786296881945502,0.8352705385233905,0.5130740454298,0.7083456464784749
United States of America,1979,0.953736543655396,0.14649518179119,0.5902338217794714,0.822808113694191,0.4540340537289215,0.6893229426575601
United States of America,1980,0.957935392856598,0.192560816895293,0.6050761838405528,0.8232634216547012,0.4604992584428472,0.6914060336416796
United States of America,1981,0.957935392856598,0.192560816895293,0.6050761838405528,0.8307277865898914,0.48044265937006353,0.6978318036679065
United States of America,1982,0.957935392856598,0.192560816895293,0.6050761838405528,0.8210196733474731,0.46557778998270855,0.6930423380947258
United States of America,1983,0.957935392856598,0.190058407787227,0.6042699068420283,0.8205196538141795,0.46541827164942157,0.6929909412377699
United States of America,1984,0.957935392856598,0.192560816895293,0.6050761838405528,0.8184458258606138,0.4754214225624633,0.6962139595955431
United States of America,1985,0.958356738090515,0.228774629915853,0.6167442857401311,0.8181920619898063,0.46512367244972475,0.6928960212833414
United States of America,1986,0.956773817539215,0.263076121041114,0.6277962369259892,0.8163115788589823,0.4574783051162411,0.690432681533502
United States of America,1987,0.956773817539215,0.263076121041114,0.6277962369259892,0.8057210397991266,0.43219027062831344,0.6822848688997518
United States of America,1988,0.956796824932098,0.224750243516854,0.6154476271816927,0.800825579298867,0.41855287041348765,0.6778908942784775
United States of America,1989,0.96158891916275,0.286433788946672,0.6353220848421924,0.7950462125083233,0.41662483532539385,0.6772696807691165
United States of America,1990,0.958489418029785,0.329276461091599,0.6491260072282008,0.7870771769645079,0.36200808101270004,0.6596721454203001
United States of America,1991,0.96221512556076,0.36758115808192,0.6614677925978272,0.7677191378978582,0.32417860790744873,0.647483477335312
United States of America,1992,0.963110148906708,0.396969475850696,0.670936717789123,0.7546953597705658,0.28313649901276433,0.634259696992577
United States of America,1993,0.961509525775909,0.430796624113204,0.6818358355560092,0.75724906434078465,0.2958958672976721,0.6383707694509791
United States of America,1994,0.961509525775909,0.430796624113204,0.6818358355560092,0.7462495355621764,0.2598737285845757,0.6267644250733098
United States of America,1995,0.961509525775909,0.418284578572871,0.6778044505633856,0.750702711577351,0.26791709622632415,0.6293560006471497
United States of America,1996,0.961509525775909,0.430796624113204,0.6818358355560092,0.7500556935866673,0.25537028746093965,0.6253134149325245
United States of America,1997,0.961509525775909,0.430796624113204,0.6818358355560092,0.7549943961203097,0.2669515207824521,0.6290448919366576
United States of America,1998,0.961509525775909,0.430796624113204,0.6818358355560092,0.759292507370313,0.27222834285069325,0.6307450856600643
United States of America,1999,0.961509525775909,0.430796624113204,0.6818358355560092,0.765479393891598,0.2947669556963221,0.6380070337793808
United States of America,2000,0.962936162948608,0.387823619964018,0.6679899201574009,0.7704672244114753,0.3012954798857895,0.6401105263183554
United States of America,2001,0.962896943092346,0.396402627352176,0.6707540790253287,0.7728724005045714,0.2992920534529229,0.6394650216940916
United States of America,2002,0.962896943092346,0.398905036460242,0.6715603560238533,0.7656200919524733,0.29475987323232683,0.6380047518072629
United States of America,2003,0.965727508068085,0.449919423695663,0.6879972075718936,0.7665422649645224,0.2921020569813457,0.6371484025786083
United States of America,2004,0.965727508068085,0.449919423695663,0.6879972075718936,0.7546715815974907,0.25998777009635987,0.6268011692841313
United States of America,2005,0.965727508068085,0.421892441685315,0.6789669051884156,0.7479793368787556,0.2617767237530457,0.6273775707127238
United States of America,2006,0.965727508068085,0.421892441685315,0.6789669051884156,0.7497000712091508,0.2668789703899829,0.6290215161774768
United States of America,2007,0.960697889328003,0.287243804930724,0.635583072246,0.7505456283688545,0.2633566154624347,0.6278866123164064
United States of America,2008,0.960697889328003,0.287243804930724,0.635583072246,0.7454539712077828,0.2596719729346832,0.6266994193397123
United States of America,2009,0.960697889328003,0.287243804930724,0.635583072246,0.7450956097907491,0.26443652355266406,0.6282345590413708
United States of America,2010,0.960697889328003,0.285492118555077,0.6350186783470325,0.7504168033272356,0.2685956817776878,0.629574641124373
United States of America,2011,0.960697889328003,0.287243804930724,0.635583072246,0.7468260322162446,0.26121204327962977,0.6271956304872972
United States of America,2012,0.960697889328003,0.270964911833968,0.6303380077906925,0.7517158649861813,0.2840381861807377,0.6345502208805609
United States of America,2013,0.960697889328003,0.259216822920376,0.6265527698625221,0.7186448418069631,0.2393428351867179,0.620149364789004
United States of America,2014,0.960697889328003,0.259216822920376,0.6265527698625221,0.7176899891051034,0.2476057557386298,0.6228116803792758
United States of America,2015,0.960697889328003,0.259216822920376,0.6265527698625221,0.6568073264190128,0.06985592151945916,0.565540628111874
Venezuela,1900,0.132586881518364,0.099682215886582,0.575150669500358,0.7275012731552124,0.23967132109969524,0.6202552030530669
Venezuela,1901,0.132586881518364,0.099682215886582,0.575150669500358,0.7308827837308247,0.23513477878180966,0.6187935276971251
Venezuela,1902,0.132586881518364,0.099682215886582,0.575150669500358,0.7308827837308247,0.23513477878180966,0.6187935276971251
Venezuela,1903,0.132586881518364,0.099682215886582,0.575150669500358,0.7308827837308247,0.23513477878180966,0.6187935276971251
Venezuela,1904,0.132586881518364,0.099682215886582,0.575150669500358,0.7307413617769877,0.23724288069490307,0.6194727587939086
Venezuela,1905,0.132586881518364,0.099682215886582,0.575150669500358,0.7334051181872685,0.23985347419143466,0.6203138928362867
Venezuela,1906,0.132586881518364,0.099682215886582,0.575150669500358,0.7334051181872685,0.23985347419143466,0.6203138928362867
Venezuela,1907,0.132586881518364,0.099682215886582,0.575150669500358,0.7334051181872685,0.24218905602563032,0.6210664180349099
Venezuela,1908,0.132586881518364,0.099682215886582,0.575150669500358,0.7334051181872685,0.24218905602563032,0.6210664180349099
Venezuela,1909,0.132586881518364,0.099682215886582,0.575150669500358,0.7347304870684941,0.25282238356695463,0.6244924794997251
Venezuela,1910,0.132586881518364,0.099682215886582,0.575150669500358,0.7464274366696675,0.2587010781464397,0.6263865967347974
Venezuela,1911,0.132586881518364,0.099682215886582,0.575150669500358,0.738623491355351,0.2697531362815982,0.6299475733281177
Venezuela,1912,0.132586881518364,0.099682215886582,0.575150669500358,0.7402737651552472,0.28253847064424575,0.6340670120649017
Venezuela,1913,0.132586881518364,0.099682215886582,0.575150669500358,0.7402737651552472,0.28344559394592,0.634359287476867
Venezuela,1914,0.132586881518364,0.099682215886582,0.575150669500358,0.7275515752179281,0.29599324562882823,0.6384021447797824
Venezuela,1915,0.132586881518364,0.099682215886582,0.575150669500358,0.7522540986537933,0.3249074710984414,0.6477183172837738
Venezuela,1916,0.132586881518364,0.099682215886582,0.575150669500358,0.7522273276533399,0.30582839528025857,0.6415710330784363
Venezuela,1917,0.132586881518364,0.099682215886582,0.575150669500358,0.7546478733420372,0.33552158151867306,0.651138186986153
Venezuela,1918,0.132586881518364,0.099682215886582,0.575150669500358,0.7691094676653545,0.3563404088090492,0.6578460196608265
Venezuela,1919,0.132586881518364,0.099682215886582,0.575150669500358,0.751513604606901,0.3457489761085826,0.6544334567268596
Venezuela,1920,0.132586881518364,0.099682215886582,0.575150669500358,0.7523797575546348,0.33215984605582277,0.650055034766924
Venezuela,1921,0.132586881518364,0.099682215886582,0.575150669500358,0.7596985108178596,0.33533384415711615,0.6510776979494487
Venezuela,1922,0.132586881518364,0.099682215886582,0.575150669500358,0.7596985108178596,0.33848180228146685,0.6520919710432451
Venezuela,1923,0.132586881518364,0.099682215886582,0.575150669500358,0.772991907190193,0.3691823925225271,0.6619837108361941
Venezuela,1924,0.132586881518364,0.099682215886582,0.575150669500358,0.7724468579346484,0.37070709555424897,0.6624749706306439
Venezuela,1925,0.132586881518364,0.099682215886582,0.575150669500358,0.7724301970817826,0.375671900587015,0.664074632367478
Venezuela,1926,0.132586881518364,0.099682215886582,0.575150669500358,0.7825733997992108,0.4061209002156462,0.6738853095862889
Venezuela,1927,0.132586881518364,0.099682215886582,0.575150669500358,0.7875454007160096,0.40822437818447554,0.6745630508467821
Venezuela,1928,0.132586881518364,0.099682215886582,0.575150669500358,0.7913648436466852,0.4092480485758004,0.6748928777675424
Venezuela,1929,0.132586881518364,0.099682215886582,0.575150669500358,0.7952703187863033,0.41519324492779247,0.6768084218945488
Venezuela,1930,0.132586881518364,0.099682215886582,0.575150669500358,0.7962643617675418,0.4179449373575478,0.6776950180574123
Venezuela,1931,0.132586881518364,0.099682215886582,0.575150669500358,0.7856777154263995,0.4044732003527025,0.6733544201742894
Venezuela,1932,0.132586881518364,0.099682215886582,0.575150669500358,0.789532367672239,0.40731666613475237,0.6742705857400111
Venezuela,1933,0.132586881518364,0.099682215886582,0.575150669500358,0.7855853485433678,0.38949094453833577,0.6685271326575528
Venezuela,1934,0.132586881518364,0.099682215886582,0.575150669500358,0.8070647243191214,0.4586703540619366,0.6908167600772269
Venezuela,1935,0.132586881518364,0.099682215886582,0.575150669500358,0.809731001363081,0.4645693790939311,0.6927174277904665
Venezuela,1936,0.132586881518364,0.099682215886582,0.575150669500358,0.8275099452584981,0.4996100289010017,0.7040075361351528
Venezuela,1937,0.297059416770935,0.139409877666325,0.5879509345708946,0.8266126979142427,0.5050779848613577,0.7057693132584736
Venezuela,1938,0.297059416770935,0.139409877666325,0.5879509345708946,0.8249595034867524,0.5056019654054661,0.7059381399539277
Venezuela,1939,0.297059416770935,0.139409877666325,0.5879509345708946,0.8338865293906285,0.5267956039139127,0.712766736920477
Venezuela,1940,0.297059416770935,0.139409877666325,0.5879509345708946,0.8006032870875465,0.45843913466468,0.6907422611149989
Venezuela,1941,0.477562010288239,0.278312918609253,0.6327055378755289,0.800874971681171,0.45856214538120954,0.6907818952063991
Venezuela,1942,0.477562010288239,0.278312918609253,0.6327055378755289,0.800874971681171,0.45739435446411153,0.6904056326070875
Venezuela,1943,0.477562010288239,0.278312918609253,0.6327055378755289,0.800874971681171,0.45972993629830733,0.6911581578057107
Venezuela,1944,0.477562010288239,0.278312918609253,0.6327055378755289,0.7650154580672582,0.3883616483497485,0.6681632730718262
Venezuela,1945,0.668180048465729,0.663018977361979,0.7566579505188332,0.8193241637200117,0.5102378982668732,0.7074318389741272
Venezuela,1946,0.756500720977783,0.780255864684403,0.7944317123397929,0.8297967493534089,0.5307149039275812,0.7140295366126425
Venezuela,1947,0.756500720977783,0.780255864684403,0.7944317123397929,0.8586679775463908,0.5527299016318314,0.721122775769379
Venezuela,1948,0.607157707214355,0.651278650664637,0.7528752135791701,0.8568581683295113,0.5563150399757525,0.7222779084668722
Venezuela,1949,0.396962940692902,0.37278017046261003,0.6631429160155302,0.8633105292916298,0.5605254313634562,0.7236344978909393
Venezuela,1950,0.396962940692902,0.37278017046261003,0.6631429160155302,0.8700778511437502,0.5838849995131691,0.7311609580664046
Venezuela,1951,0.396962940692902,0.37278017046261003,0.6631429160155302,0.8698629140853882,0.5820931933098152,0.730583637546382
Venezuela,1952,0.396962940692902,0.37278017046261003,0.6631429160155302,0.8679058973987896,0.5637573716158472,0.7246758300526985
Venezuela,1953,0.276621758937836,0.248520750507544,0.6231064919804516,0.8688361470897993,0.5642886696754648,0.724847014453942
Venezuela,1954,0.276621758937836,0.248520750507544,0.6231064919804516,0.8615708276629448,0.5703185050386941,0.7267898292968832
Venezuela,1955,0.276621758937836,0.248520750507544,0.6231064919804516,0.8691782727837563,0.5721126649043847,0.727367908167648
Venezuela,1956,0.276621758937836,0.248520750507544,0.6231064919804516,0.8360949181593381,0.5257785125177507,0.7124390297540191
Venezuela,1957,0.384676814079285,0.341253932270507,0.6529851521941124,0.8128059002859839,0.46988622167202165,0.6944305161346835
Venezuela,1958,0.737253785133362,0.405070676111578,0.6735469270509644,0.8262753210685871,0.46792828521158464,0.6937996683937867
Venezuela,1959,0.732279777526855,0.429977418868397,0.6815718873695079,0.820348427764007,0.4606734503768593,0.6914621583373858
Venezuela,1960,0.74135684967041,0.423408594959722,0.6794554102483804,0.8074712109181189,0.41105913594427107,0.6754764106850056
Venezuela,1961,0.725597500801086,0.29724935499122,0.6388068636098344,0.802793096630804,0.41540655313596875,0.6768771498660442
Venezuela,1962,0.69267338514328,0.309804056328597,0.6428519923136281,0.7752683955956908,0.3679826230825017,0.6615971447467776
Venezuela,1963,0.69267338514328,0.261146101449521,0.6271743840089792,0.7984190634451808,0.4004574728112855,0.6720605515024763
Venezuela,1964,0.69267338514328,0.280609283401151,0.6334454273308385,0.8027619570493699,0.41216685432578826,0.6758333178945347
Venezuela,1965,0.69267338514328,0.290340874376966,0.6365809489917683,0.7821149549313954,0.37181010904025497,0.6628303619213655
Venezuela,1966,0.69267338514328,0.280609283401151,0.6334454273308385,0.7917576679161618,0.4197107723724202,0.6782639706523703
Venezuela,1967,0.69267338514328,0.222219737546261,0.6146322973652603,0.8075032172834172,0.44408336726825315,0.6861168283627767
Venezuela,1968,0.716875612735748,0.289951141309287,0.6364553768752742,0.80366976145241,0.4347444012007863,0.6831078105703106
Venezuela,1969,0.716875612735748,0.358072278139993,0.6584040285017826,0.8315724660368528,0.5005325078884024,0.7043047591538695
Venezuela,1970,0.716875612735748,0.367803869115808,0.6615395501627123,0.8398240296279682,0.5109689371029438,0.7076673799161147
Venezuela,1971,0.716875612735748,0.367803869115808,0.6615395501627123,0.8398675750941037,0.5177566740788272,0.7098543908960736
Venezuela,1972,0.716875612735748,0.367803869115808,0.6615395501627123,0.8343787482290556,0.519617699801239,0.7104540139668203
Venezuela,1973,0.693212807178497,0.359178473895595,0.6587604451207649,0.822867362839835,0.49621920054315016,0.7029150101760407
Venezuela,1974,0.708346486091614,0.321904203044603,0.6467506633760222,0.829138259677326,0.4914314643250426,0.7013724000667583
Venezuela,1975,0.708346486091614,0.321904203044603,0.6467506633760222,0.8316298229353768,0.49463552298529867,0.7024047487707975
Venezuela,1976,0.708346486091614,0.321904203044603,0.6467506633760222,0.8359980991908482,0.5064081578259091,0.7061978954043426
Venezuela,1977,0.708346486091614,0.321904203044603,0.6467506633760222,0.8499733227140763,0.5249966273502042,0.712187106108102
Venezuela,1978,0.708346486091614,0.321904203044603,0.6467506633760222,0.8352705385233905,0.5130740454298,0.7083456464784749
Venezuela,1979,0.708346486091614,0.321904203044603,0.6467506633760222,0.822808113694191,0.4540340537289215,0.6893229426575601
Venezuela,1980,0.708346486091614,0.288427530087799,0.6359644688624237,0.8232634216547012,0.4604992584428472,0.6914060336416796
Venezuela,1981,0.708346486091614,0.279669098209565,0.6331424993675867,0.8307277865898914,0.48044265937006353,0.6978318036679065
Venezuela,1982,0.708346486091614,0.284924157336505,0.6348356810644888,0.8210196733474731,0.46557778998270855,0.6930423380947258
Venezuela,1983,0.708346486091614,0.279669098209565,0.6331424993675867,0.8205196538141795,0.46541827164942157,0.6929909412377699
Venezuela,1984,0.708346486091614,0.288427530087799,0.6359644688624237,0.8184458258606138,0.4754214225624633,0.6962139595955431
Venezuela,1985,0.708346486091614,0.288427530087799,0.6359644688624237,0.8181920619898063,0.46512367244972475,0.6928960212833414
Venezuela,1986,0.708346486091614,0.279669098209565,0.6331424993675867,0.8163115788589823,0.4574783051162411,0.690432681533502
Venezuela,1987,0.708346486091614,0.284924157336505,0.6348356810644888,0.8057210397991266,0.43219027062831344,0.6822848688997518
Venezuela,1988,0.708346486091614,0.266727319511562,0.6289726542169434,0.800825579298867,0.41855287041348765,0.6778908942784775
Venezuela,1989,0.707525491714478,0.223591522760092,0.6150742869908826,0.7950462125083233,0.41662483532539385,0.6772696807691165
Venezuela,1990,0.681147575378418,0.213872270392077,0.6119427408332512,0.7870771769645079,0.36200808101270004,0.6596721454203001
Venezuela,1991,0.681147575378418,0.213872270392077,0.6119427408332512,0.7677191378978582,0.32417860790744873,0.647483477335312
Venezuela,1992,0.681147575378418,0.213872270392077,0.6119427408332512,0.7546953597705658,0.28313649901276433,0.634259696992577
Venezuela,1993,0.673647284507751,0.115198487057681,0.5801500169323195,0.75724906434078465,0.2958958672976721,0.6383707694509791
Venezuela,1994,0.673647284507751,0.181762569332257,0.6015969850930792,0.7462495355621764,0.2598737285845757,0.6267644250733098
Venezuela,1995,0.673647284507751,0.183514255707904,0.6021613789920467,0.750702711577351,0.26791709622632415,0.6293560006471497
Venezuela,1996,0.673647284507751,0.181762569332257,0.6015969850930792,0.7500556935866673,0.25537028746093965,0.6253134149325245
Venezuela,1997,0.673647284507751,0.181762569332257,0.6015969850930792,0.7549943961203097,0.2669515207824521,0.6290448919366576
Venezuela,1998,0.667450308799744,0.169577522240822,0.5976709591031261,0.759292507370313,0.27222834285069325,0.6307450856600643
Venezuela,1999,0.609736561775208,0.122876665295696,0.5826239283658772,0.765479393891598,0.2947669556963221,0.6380070337793808
Venezuela,2000,0.660635232925415,0.181365712904726,0.6014691178278093,0.7704672244114753,0.3012954798857895,0.6401105263183554
Venezuela,2001,0.660635232925415,0.178738183341256,0.6006225269793584,0.7728724005045714,0.2992920534529229,0.6394650216940916
Venezuela,2002,0.660635232925415,0.143704455828321,0.589334649000011,0.7656200919524733,0.29475987323232683,0.6380047518072629
Venezuela,2003,0.64317387342453,0.127342986227964,0.5840629783693754,0.7665422649645224,0.2921020569813457,0.6371484025786083
Venezuela,2004,0.64317387342453,0.165880086492192,0.5964796441466572,0.7546715815974907,0.25998777009635987,0.6268011692841313
Venezuela,2005,0.655166506767273,0.262000065203518,0.62744953139803,0.7479793368787556,0.2617767237530457,0.6273775707127238
Venezuela,2006,0.674225747585297,0.347769363779366,0.6550844262672935,0.7497000712091508,0.2668789703899829,0.6290215161774768
Venezuela,2007,0.674225747585297,0.333755872774193,0.650569275075555,0.7505456283688545,0.2633566154624347,0.6278866123164064
Venezuela,2008,0.674225747585297,0.306971390160085,0.6419393063867714,0.7454539712077828,0.2596719729346832,0.6266994193397123
Venezuela,2009,0.674225747585297,0.308723076535732,0.6425037002857389,0.7450956097907491,0.26443652355266406,0.6282345590413708
Venezuela,2010,0.682499527931213,0.289999269593743,0.6364708838236026,0.7504168033272356,0.2685956817776878,0.629574641124373
Venezuela,2011,0.682499527931213,0.309462451545373,0.6427419271454621,0.7468260322162446,0.26121204327962977,0.6271956304872972
Venezuela,2012,0.682499527931213,0.358023530131685,0.6583883218782349,0.7517158649861813,0.2840381861807377,0.6345502208805609
Venezuela,2013,NA,NA,NA,0.7186448418069631,0.2393428351867179,0.620149364789004
Venezuela,2014,NA,NA,NA,0.7176899891051034,0.2476057557386298,0.6228116803792758
